{
  "crowd_data": {
    "time": [
      8,
      8.15,
      8.3,
      8.45,
      9,
      9.15,
      9.3,
      9.45,
      10,
      10.15,
      10.3,
      10.45,
      11,
      11.15,
      11.3,
      11.45,
      12,
      12.15,
      12.3,
      12.45,
      13,
      13.15,
      13.3,
      13.45,
      14,
      14.15,
      14.3,
      14.45,
      15,
      15.15,
      15.3,
      15.45,
      16,
      16.15,
      16.29,
      16.44,
      17,
      17.15,
      17.29,
      17.44,
      18,
      18.15,
      18.29,
      18.44,
      19,
      19.15,
      19.29,
      19.44,
      20,
      20.15,
      20.29,
      20.44,
      21,
      21.15,
      21.29,
      21.44,
      22,
      22.15,
      22.29
    ],
    "crowd_number": [
      92,
      91,
      106,
      88,
      82,
      97,
      85,
      91,
      82,
      100,
      94,
      94,
      88,
      100,
      91,
      106,
      106,
      97,
      85,
      103,
      106,
      94,
      106,
      97,
      106,
      106,
      91,
      109,
      97,
      85,
      82,
      88,
      97,
      97,
      94,
      109,
      91,
      109,
      106,
      106,
      82,
      97,
      94,
      85,
      85,
      85,
      82,
      97,
      91,
      97,
      103,
      109,
      91,
      103,
      109,
      103,
      82,
      94,
      85
    ],
    "zones": [
      ["B", 92, 8],
      ["C", 91, 8.15],
      ["B", 106, 8.3],
      ["C", 88, 8.450000000000001],
      ["C", 82, 9],
      ["A", 97, 9.15],
      ["C", 85, 9.3],
      ["A", 91, 9.450000000000001],
      ["A", 82, 10],
      ["C", 100, 10.15],
      ["A", 94, 10.3],
      ["C", 94, 10.450000000000001],
      ["C", 88, 11],
      ["B", 100, 11.15],
      ["A", 91, 11.3],
      ["B", 106, 11.450000000000001],
      ["C", 106, 12],
      ["C", 97, 12.15],
      ["A", 85, 12.3],
      ["B", 103, 12.450000000000001],
      ["B", 106, 13],
      ["A", 94, 13.15],
      ["A", 106, 13.3],
      ["A", 97, 13.450000000000001],
      ["A", 106, 14],
      ["B", 106, 14.15],
      ["C", 91, 14.3],
      ["B", 109, 14.450000000000001],
      ["A", 97, 15],
      ["C", 85, 15.15],
      ["C", 82, 15.3],
      ["C", 88, 15.450000000000001],
      ["A", 97, 16],
      ["A", 97, 16.15],
      ["C", 94, 16.299999999999997],
      ["C", 109, 16.449999999999996],
      ["A", 91, 17],
      ["B", 109, 17.15],
      ["A", 106, 17.299999999999997],
      ["C", 106, 17.449999999999996],
      ["B", 82, 18],
      ["B", 97, 18.15],
      ["C", 94, 18.299999999999997],
      ["C", 85, 18.449999999999996],
      ["A", 85, 19],
      ["B", 85, 19.15],
      ["A", 82, 19.299999999999997],
      ["B", 97, 19.449999999999996],
      ["C", 91, 20],
      ["C", 97, 20.15],
      ["A", 103, 20.299999999999997],
      ["B", 109, 20.449999999999996],
      ["A", 91, 21],
      ["C", 103, 21.15],
      ["C", 109, 21.299999999999997],
      ["A", 103, 21.449999999999996],
      ["A", 82, 22],
      ["A", 94, 22.15],
      ["C", 85, 22.299999999999997]
    ]
  }
}
